flow with $,edgeProperty
$ with $,edgeProperty
flow with $,edgeProperty
$ containing $,edgeProperty
$ containing $,edgeProperty
relationships with $,edgeProperty
edge with $,edgeProperty
edge containing $,edgeProperty
show $ properties,listProperties
list all $ properties,listProperties
the properties for $,listProperties
show the $ properties,listProperties
the properties for $,listProperties
load all $,loadAll
show all $,loadAll
list $,loadAll
show $,loadAll
all $,loadAll
load $,loadAll
load all $,loadAll
show all $,loadAll
all the $,loadAll
$ from $ and $ to them,multiDirection
$ from $ to them,multiDirection
traffic from $ to them,multiDirection
traffic from $ and $ to them,multiDirection
$ from $ and $ to it,multiDirection
show relationships between $ and $,multiLoadAll
load $ and $,multiLoadAll
load all $ and $,multiLoadAll
show $ and $,multiLoadAll
$ and $,multiLoadAll
$ and $,multiLoadAll
what $ depends on a $,noDirection
$ being managed by $,noDirection
$ managing a $,noDirection
$ between $ and $,noDirection
show relationship between $ and $,noDirection
$ that has $,noDirection
$ that has current $,noDirection
$ that have $,noDirection
$ that have $,noDirection
show relationships between $ and $,noDirection
where does $ $ work,noDirection
where does $ work,noDirection
where does $ work,noDirection
what $ does $ work for,noDirection
where does $ work,noDirection
what $ $ does $ work at,noDirection
what $ $ does $ $ work at,noDirection
what $ site does $ work at,noDirection
who is the $ of $,noDirection
who is the $ of $,noDirection
who is the $ of $ in aberdeen,noDirection
$ for $ or $,orQuery
$ or $,orQuery
$ or $,orQuery
how many $,returnCount
number $,returnCount
how many $,returnCount
what is the amount $,returnCount
count $,returnCount
count $,returnCount
count the $ talking to $,returnCount
how many nodes flowing to $,returnCount
how many $ nodes,returnCount
how many $,returnCount
return count $,returnCount
what are all the $,returnNames
name $,returnNames
name all the $,returnNames
names the $,returnNames
name all the $,returnNames
set limit $,setLimit
limit $,setLimit
make limit $,setLimit
set limit to $,setLimit
set previous to limit to $,setLimit
what $ $ $,toDirection
what is being $ by $,toDirection
impact $ at $ on $ to $,toDirection
impact $ on $,toDirection
what $ are related to $,toDirection
$ against $,toDirection
$ references $,toDirection
$ related to $,toDirection
$ related to $,toDirection
$ talking to $ with $,toDirection
$ talking to $,toDirection
$ for $,toDirection
what $ are related to $ with $,toDirection
what $ are related to $ with technique $,toDirection
$ talking to $ ,toDirection
what $ is in $,toDirection
what $ are in $,toDirection
what $ are in $,toDirection
what $ is in $,toDirection
what $ are $ $,toDirection
what $ are related to the $,toDirection
$ to $,toDirection
what $ are related to the $,toDirection